Adhyay,Mantra Number,Mantra,Chanda,Devata,Rishi,Padpath,URL,ScrapedAtUTC
1,1,इ॒षे त्वो॒र्जे त्वा॑ वा॒यव॑ स्थ दे॒वो वः॑ सवि॒ता प्रार्प॑यतु॒ श्रेष्ठ॑तमाय॒ कर्म॑ण॒ऽआप्या॑यध्वमघ्न्या॒ऽइन्द्रा॑य भा॒गं प्र॒जाव॑तीरनमी॒वाऽअ॑य॒क्ष्मा मा व॑ स्ते॒नऽई॑शत॒ माघश॑ꣳसो ध्रु॒वाऽअ॒स्मिन् गोप॑तौ स्यात ब॒ह्वीर्यज॑मानस्य प॒शून् पा॑हि ॥१॥,"स्वराड्बृहती, ब्राह्मी उष्णिक्,",सविता देवता,परमेष्ठी प्रजापतिर्ऋषिः,इ॒षे। त्वा॒। ऊ॒र्ज्जे। त्वा॒। वा॒यवः॑। स्थ॒। दे॒वः। वः॒। स॒वि॒ता। प्र। अ॒र्प॒य॒तु॒। श्रे॑ष्ठतमा॒येति॒ श्रे॑ष्ठऽतमाय। कर्म्म॑णे। आ। प्या॒य॒ध्व॒म्। अ॒घ्न्याः॒। इन्द्रा॑य। भा॒गं। प्र॒जाव॑ती॒रिति॑। प्र॒जाऽव॑तीः। अ॒न॒मी॒वाः। अ॒य॒क्ष्माः। मा। वः॒। स्ते॒नः। ई॒श॒त॒। मा अ॒घश॑ꣳसः॒ इत्य॒घऽश॑ꣳसः। ध्रुवाः। अस्मिन्। गोप॑ता॒विति॒ गोऽप॑तौ। स्या॒त॒। ब॒ह्वीः। यज॑मानस्य। प॒शून्। पा॒हि॒ ॥१॥,https://www.xn--j2b3a4c.com/yajurveda/1/1,2025-12-05T02:43:34.701006
1,2,वसोः॑ प॒वित्र॑मसि॒ द्यौर॑सि पृथि॒व्य᳖सि मात॒रिश्व॑नो घ॒र्मोऽसि वि॒श्वधा॑ऽअसि। प॒र॒मेण॒ धाम्ना॒ दृꣳह॑स्व॒ मा ह्वा॒र्मा ते॑ य॒ज्ञप॑तिर्ह्वार्षीत् ॥२॥,"स्वराट् आर्षी त्रिष्टुप्,",यज्ञो देवता,परमेष्ठी प्रजापतिर्ऋषिः,वसोः॑। प॒वित्र॑म्। अ॒सि॒। द्यौः। अ॒सि॒। पृ॒थि॒वी। अ॒सि॒। मा॒त॒रिश्व॑नः। घ॒र्मः। असि॒। वि॒श्वधा॒ इति॑ वि॒श्वधाः॑। अ॒सि॒। प॒र॒मेण॑। धाम्ना॑। दृꣳह॑स्व। मा। ह्वाः। मा। ते॒। य॒ज्ञप॑ति॒रिति॑ य॒ज्ञऽप॑तिः। ह्वा॒र्षी॒त् ॥२॥,https://www.xn--j2b3a4c.com/yajurveda/1/2,2025-12-05T02:43:36.853442
1,4,सा वि॒श्वायुः॒ सा वि॒श्वक॑र्मा॒ सा वि॒श्वधा॑याः। इन्द्र॑स्य त्वा भा॒गꣳ सोमे॒नात॑नच्मि॒ विष्णो॑ ह॒व्यꣳर॑क्ष ॥४॥,अनुष्टुप्,विष्णुर्देवता,परमेष्ठी प्रजापतिर्ऋषिः,सा। वि॒श्वायु॒रिति॑ वि॒श्वऽआ॑युः। सा। वि॒श्वक॒र्मेति॑ वि॒श्वऽक॑र्मा। सा। विश्वधा॑या॒ इति॑ वि॒श्वऽधा॑याः। इन्द्र॑स्य। त्वा॒। भा॒गं। सोमे॑न। आ। त॒न॒च्मि॒। विष्णो॒ इति॒ वि॒ष्णो॑। ह॒व्यं। र॒क्ष॒ ॥४॥,https://www.xn--j2b3a4c.com/yajurveda/1/4,2025-12-05T02:43:42.541388
1,5,अग्ने॑ व्रतपते व्र॒तं च॑रिष्यामि॒ तच्छ॑केयं॒ तन्मे॑ राध्यताम्। इ॒दम॒हमनृ॑तात् स॒त्यमुपै॑मि ॥५॥,आर्ची त्रिष्टुप्,अग्निर्देवता,परमेष्ठी प्रजापतिर्ऋषिः,अग्ने॑। व्र॒त॒प॒त॒ इति॑ व्रतऽपते। व्र॒तं। च॒रि॒ष्या॒मि॒। तत्। श॒के॒यं॒। तत्। मे॒। रा॒ध्यता॒म्। इ॒दं। अ॒हं। अनृ॑तात्। स॒त्यं। उप॑ ए॒मि॒ ॥५॥,https://www.xn--j2b3a4c.com/yajurveda/1/5,2025-12-05T02:43:44.636611
1,6,कस्त्वा॑ युनक्ति॒ स त्वा॑ युनक्ति॒ कस्मै॑ त्वा युनक्ति॒ तस्मै॑ त्वा युनक्ति। कर्म॑णे वां॒ वेषा॑य वाम् ॥६॥,आर्ची पङ्क्तिः,प्रजापतिर्देवता,परमेष्ठी प्रजापतिर्ऋषिः,कः। त्वा॒। यु॒न॒क्ति॒। सः। त्वा॒। यु॒न॒क्ति॒। कस्मै॑। त्वा॒। यु॒न॒क्ति॒। तस्मै॑। त्वा॒। यु॒न॒क्ति॒। कर्म्म॑णे। वां॒। वेषा॑य। वा॒म् ॥६॥,https://www.xn--j2b3a4c.com/yajurveda/1/6,2025-12-05T02:43:47.276940
1,7,प्रत्यु॑ष्ट॒ꣳरक्षः॒ प्रत्यु॑ष्टा॒ऽअरा॑तयो॒ निष्ट॑प्त॒ꣳरक्षो॒ निष्ट॑प्ता॒ऽअरा॑तयः। उ॒र्व᳕न्तरि॑क्ष॒मन्वे॑मि ॥७॥,प्राजापत्या जगती,यज्ञो देवता,परमेष्ठी प्रजापतिर्ऋषिः,प्रत्यु॑ष्ट॒मिति॒ प्रति॑ऽउष्टम्। रक्षः॑। प्रत्यु॑ष्टा॒ इति॒ प्रति॑ऽउष्टाः। अरा॑तयः। निष्ट॑प्तम्। निस्त॑प्त॒मिति॒। निःऽत॑प्तम्। रक्षः॑। निष्ट॑प्ताः। निस्त॑प्ता॒ इति॒ निःऽत॑प्ताः। अरा॑तयः। उ॒रु। अ॒न्तरि॑क्षम्। अनु॑ऽए॒मि॒ ॥७॥,https://www.xn--j2b3a4c.com/yajurveda/1/7,2025-12-05T02:43:49.570026
1,8,धूर॑सि॒ धूर्व॒ धूर्व॑न्तं॒ धूर्व॒ तं यो॒ऽस्मान् धूर्व॑ति॒ तं धू॑र्व॒ यं व॒यं धूर्वा॑मः। दे॒वाना॑मसि॒ वह्नि॑तम॒ꣳ सस्नि॑तमं॒ पप्रि॑तमं॒ जुष्ट॑तमं देव॒हूत॑मम् ॥८॥,निचृत् अतिजगती,अग्निर्देवता,परमेष्ठी प्रजापतिर्ऋषिः,धूः। अ॒सि॒। धूर्व॑। धूर्व॑न्तं। धूर्व॑। तं। यः। अ॒स्मान्। धूर्व॑ति। तं। धू॒र्व॒। यं। व॒यं। धूर्वा॑मः। दे॒वाना॑म्। अ॒सि॒। वह्नि॑तम॒मिति॒ वह्नि॑ऽतमम्। सस्नि॑तम॒मिति॒ सस्नि॑ऽतमम्। पप्रि॑तम॒मिति॒ पप्रि॑ऽतमम्। जुष्ट॑तम॒मिति॒ जुष्ट॑ऽतमम्। दे॒व॒हूत॑म॒मिति दे॒व॒हूऽत॑मम् ॥८॥,https://www.xn--j2b3a4c.com/yajurveda/1/8,2025-12-05T02:43:51.329726
1,9,अह्रु॑तमसि हवि॒र्धानं॒ दृꣳह॑स्व॒ मा ह्वा॒र्मा ते॑ य॒ज्ञप॑तिर्ह्वार्षीत्। विष्णु॑स्त्वा क्रमतामु॒रु वाता॒याप॑हत॒ꣳरक्षो॒ यच्छ॑न्तां॒ पञ्च॑ ॥९॥,"निचृत् त्रिष्टुप्,",विष्णुर्देवता,परमेष्ठी प्रजापतिर्ऋषिः,अह्रु॑तम्। अ॒सि॒। ह॒वि॒र्धान॒मिति॑ हविः॒ऽधान॑म्। दृꣳह॑स्व। मा। ह्वाः॒। मा। ते॒। य॒ज्ञप॑ति॒रिति॑ य॒ज्ञऽप॑तिः। ह्वा॒र्षी॒त्। विष्णुः॑। त्वा॒। क्र॒म॒तां॒। उ॒रु। वाता॒य। अप॑हत॒मित्यप॑ऽहतम्। रक्षः॑। यच्छ॑न्ताम्। पञ्च॑ ॥९॥,https://www.xn--j2b3a4c.com/yajurveda/1/9,2025-12-05T02:43:53.746797
1,10,दे॒वस्य॑ त्वा सवि॒तुः प्र॑स॒वे᳕ऽश्विनो॑र्बा॒हुभ्यां॑ पू॒ष्णो हस्ता॑भ्याम्। अ॒ग्नये॒ जुष्टं॑ गृह्णाम्य॒ग्नीषोमा॑भ्यां॒ जुष्टं॑ गृह्णामि ॥१०॥,"भूरिग् बृहती,",सविता देवता,परमेष्ठी प्रजापतिर्ऋषिः,दे॒वस्य॑। त्वा॒। सवि॒तुः। प्र॒स॒व इति॑ प्रऽस॒वे। अ॒श्विनोः॑। बा॒हुभ्या॒मिति॑ बा॒हुभ्या॑म्। पू॒ष्णः। हस्ता॑भ्याम्। अ॒ग्नये॑। जुष्ट॑म्। गृ॒ह्णा॒मि॒। अ॒ग्नीषोमा॑भ्याम्। जुष्ट॑म्। गृ॒ह्णा॒मि॒ ॥१०॥,https://www.xn--j2b3a4c.com/yajurveda/1/10,2025-12-05T02:43:56.033950
1,11,भू॒ताय॑ त्वा॒ नारा॑तये॒ स्व᳖रभि॒विख्ये॑षं॒ दृꣳह॑न्तां॒ दुर्याः॑ पृथि॒व्यामु॒र्व᳕न्तरि॑क्ष॒मन्वे॑मि। पृ॒थि॒व्यास्त्वा॒ नाभौ॑ सादया॒म्यदि॑त्याऽउ॒पस्थेऽग्ने॑ ह॒व्यꣳ र॑क्ष ॥११॥,"स्वराड् जगती,",अग्निर्देवता,परमेष्ठी प्रजापतिर्ऋषिः,भू॒ताय॑। त्वा॒। न। अरा॑तये। स्वः॑। अ॒भि॒विख्ये॑ष॒मित्य॑भि॒ऽविख्ये॑षम्। दृꣳह॑न्ताम्। दुर्य्याः॑। पृ॒थि॒व्याम्। उ॒रु। अ॒न्तरि॑क्षम्। अनु। ए॒मि॒। पृ॒थि॒व्याः। त्वा॒। नाभौ॑। सा॒द॒या॒मि॒। अदि॑त्याः। उ॒पस्थ॒ इत्यु॒पऽस्थे॑। अग्ने॑। ह॒व्यम् र॒क्ष॒ ॥११॥,https://www.xn--j2b3a4c.com/yajurveda/1/11,2025-12-05T02:43:57.504139
1,12,प॒वित्रे॑ स्थो वैष्ण॒व्यौ᳖ सवि॒तुर्वः॑ प्रस॒व उत्पु॑ना॒म्यच्छि॑द्रेण प॒वित्रे॑ण॒ सूर्य्य॑स्य रश्मिभिः॑। देवी॑रापोऽअग्रेगुवोऽअग्रेपु॒वोऽग्र॑ऽइ॒मम॒द्य य॒ज्ञं न॑य॒ताग्रे॑ य॒ज्ञप॑तिꣳ सु॒धातुं॑ य॒ज्ञप॑तिं देव॒युव॑म् ॥१२॥,"भूरिग् अत्यष्टिः,",अप्सवितारौ देवते,परमेष्ठी प्रजापतिर्ऋषिः,प॒वित्रे॒ऽइति॑ प॒वित्रे॑। स्थः॒। वै॒ष्ण॒व्यौ᳖। स॒वि॒तुः। वः॒। प्र॒स॒व इति॑ प्र॒ऽस॒वे। उत्। पु॒ना॒मि॒। अच्छि॑द्रेण। प॒वित्रे॑ण। सूर्य्य॑स्य। र॒श्मिभि॒रिति॑ र॒श्मिऽभिः॑। देवीः॑। आ॒पः॒। अ॒ग्रे॒गु॒व॒ इत्य॑ग्रेऽगुवः। अ॒ग्रे॒पु॒व॒ इत्य॑ग्रेऽपुवः॒। अग्रे॑। इ॒मम्। अ॒द्य। य॒ज्ञम्। न॒य॒त॒। अग्रे॑। य॒ज्ञप॑ति॒मिति॑ य॒ज्ञऽप॑तिम्। सु॒धातु॒मिति॑ सु॒धाऽतु॑म्। य॒ज्ञप॑ति॒मिति॑ यज्ञऽप॑तिम्। दे॒व॒युव॒मिति॑ देव॒ऽयुव॑म् ॥१२॥,https://www.xn--j2b3a4c.com/yajurveda/1/12,2025-12-05T02:44:00.011532
1,13,यु॒ष्माऽइन्द्रो॑ऽवृणीत वृत्र॒तूर्य्ये॑ यू॒यमिन्द्र॑मवृणीध्वं वृत्र॒तूर्ये॒ प्रोक्षि॑ता स्थ। अ॒ग्नये॑ त्वा॒ जुष्टं॒ प्रोक्षा॑म्य॒ग्नीषोमा॑भ्यां त्वा॒ जुष्टं॒ प्रोक्षा॑मि। दैव्या॑य॒ कर्म॑णे शुन्धध्वं देवय॒ज्यायै॒ यद्वोऽशु॑द्धाः पराज॒घ्नुरि॒दं व॒स्तच्छु॑न्धामि ॥१३॥,"निचृद् उष्णिक्, भूरिग् आर्ची गायत्री, भुरिग् उष्णिक्,",इन्द्रो देवता। अग्निर्यज्ञो देवता,परमेष्ठी प्रजापतिर्ऋषिः,यु॒ष्माः। इन्द्रः॑। अ॒वृ॒णी॒त॒। वृ॒त्र॒तूर्य्य॒ इति॑ वृत्र॒ऽतूर्य्ये॑। यू॒यम्। इन्द्र॑म्। अ॒वृ॒णी॒ध्व॒म्। वृ॒त्र॒तूर्य्य॒ इति॑ वृ॒त्र॒ऽतूर्य्ये॑। प्रोक्षि॑ता॒ इति॒ प्रऽउ॑क्षिताः। स्थ॒। अ॒ग्नये॑। त्वा॒। जुष्ट॑म्। प्र। उ॒क्षा॒मि॒। अ॒ग्नीषोमा॑भ्याम्। त्वा॒। जुष्ट॑म्। प्रऽउ॒क्षा॒मि॒ ॥ दैव्या॑य। कर्म॑णे। शु॒न्ध॒ध्व॒म्। दे॒व॒य॒ज्याया॒ इति॑ देवऽय॒ज्यायै॑। यत्। वः॒। अशु॑द्धाः। प॒रा॒ज॒घ्नुरिति॑ पराऽज॒घ्नुः। इ॒दम्। वः॒ तत्। शु॒न्धा॒मि॒ ॥१३॥,https://www.xn--j2b3a4c.com/yajurveda/1/13,2025-12-05T02:44:01.117436
1,14,शर्मा॒स्यव॑धूत॒ꣳ रक्षोऽव॑धूता॒ऽअरा॑त॒योऽदि॑त्या॒स्त्वग॑सि॒ प्रति॒ त्वादि॑तिर्वेत्तु। अद्रि॑रसि वानस्प॒त्यो ग्रावा॑सि पृ॒थुबु॑ध्नः॒ प्रति॒ त्वादि॑त्या॒स्त्वग्वे॑त्तु ॥१४॥,"स्वराड् जगती,",यज्ञो देवता,परमेष्ठी प्रजापतिर्ऋषिः,शर्म॑। अ॒सि॒। अव॑धूत॒मित्यव॑ऽधूतम्। रक्षः॑। अव॑धूता॒ इत्यव॑धूताः। अरा॑तयः। अदि॑त्याः। त्वक्। अ॒सि॒। प्रति॑। त्वा॒। अदि॑तिः। वे॒त्तु॒। अद्रिः॑। अ॒सि॒। वा॒न॒स्प॒त्यः। ग्रावा॑। अ॒सि॒। पृ॒थुबु॑ध्न॒ इति॑ पृ॒थुबु॑ध्नः। प्रति॑। त्वा॒। अदि॑त्याः। त्वक्। वे॒त्तु॒ ॥१४॥,https://www.xn--j2b3a4c.com/yajurveda/1/14,2025-12-05T02:44:03.653527
1,15,अ॒ग्नेस्त॒नूर॑सि वा॒चो वि॒सर्ज॑नं दे॒ववी॑तये त्वा गृह्णामि बृ॒हद् ग्रा॑वासि वानस्प॒त्यः सऽइ॒दं दे॒वेभ्यो॑ ह॒विः श॑मीष्व सु॒शमि॑ शमीष्व। हवि॑ष्कृ॒देहि॒ हवि॑ष्कृ॒देहि॑ ॥१५॥,"निचृद् जगती, याजुषी पङ्क्तिः,",यज्ञो देवता,परमेष्ठी प्रजापतिर्ऋषिः,अ॒ग्नेः। त॒नूः। अ॒सि॒। वा॒चः। वि॒सर्ज॑न॒मिति॑ वि॒ऽसर्ज॑नम्। दे॒ववी॑तय॒ इति॑ दे॒वऽवी॑तये। त्वा॒। गृ॒ह्णा॒मि॒। बृ॒हद्ग्रा॒वेति॑ बृ॒हत्ऽग्रा॑वा। अ॒सि॒। वा॒न॒स्प॒त्यः। सः। इ॒दम्। दे॒वेभ्यः॑। ह॒विः। श॒मी॒ष्व॒। श॒मि॒ष्वेति॑ शमिष्व। सु॒शमीति॑ सु॒ऽशमि॑। श॒मी॒ष्व॒। श॒मि॒ष्वेति॑ शमिष्व। हवि॑ष्कृत्। हविः॑कृ॒दिति॒ हविः॑कृत्। आ। इ॒हि॒। हवि॑ष्कृत्। हविः॑कृ॒दिति॒ हविः॑ऽकृत्। आ। इ॒हि॒ ॥१५॥,https://www.xn--j2b3a4c.com/yajurveda/1/15,2025-12-05T02:44:06.061303
1,16,कु॒क्कु॒टो᳖ऽसि॒ मधु॑जिह्व॒ऽइष॒मूर्ज॒माव॑द॒ त्वया॑ व॒यꣳ स॑ङ्घा॒तꣳ स॑ङ्घातं जेष्म व॒र्षवृ॑द्धमसि॒ प्रति॑ त्वा व॒र्षवृ॑द्धं वेत्तु॒ परा॑पूत॒ꣳ रक्षः॒ परा॑पूता॒ अरा॑त॒योऽप॑हत॒ꣳ रक्षो॑ वा॒युर्वो॒ विवि॑नक्तु दे॒वो वः॑ सवि॒ता हिर॑ण्यपाणिः॒ प्रति॑गृभ्णा॒त्वच्छि॑द्रेण पा॒णिना॑ ॥१६॥,"स्वराड् ब्राह्मी त्रिष्टुप्, विराड् गायत्री,",वायुः सविता देवता,परमेष्ठी प्रजापतिर्ऋषिः,कु॒क्कु॒टः। अ॒सि॒। मधु॑जिह्व॒ इति॒ मधु॑ऽजिह्वः। इष॑म्। ऊर्ज्ज॑म्। आ। वद॒। त्वया॑। व॒यं। सं॒घा॒तम् सं॑घात॒मि॑ति संघा॒तꣳसं॑घातम्। जे॒ष्म॒। व॒र्षवृद्ध॒मिति व॒र्षऽवृद्ध॑म्। अ॒सि॒। प्रति। त्वा॒। व॒र्षवृ॑द्ध॒मिति व॒र्षऽवृ॑द्धम्। वे॒त्तु॒। परा॑पूत॒मिति॒। परा॑ऽपूतम्। रक्षः॑। परा॑पूता॒ इति॒ परा॑ऽपूताः। अरा॑तयः। अप॑हत॒मित्यप॑ऽहतम्। रक्षः॑। वा॒युः। वः॒। वि। वि॒न॒क्तु दे॒वः। वः॒। स॒वि॒ता। हिर॑ण्यपाणि॒रिति॒ हिर॑ण्यऽपाणिः। प्रति॑। गृ॒भ्णा॒तु॒। अच्छिद्रेण। पा॒णिना॑ ॥१६॥,https://www.xn--j2b3a4c.com/yajurveda/1/16,2025-12-05T02:44:08.157617
1,17,धृष्टि॑र॒स्यपा॑ऽग्नेऽअ॒ग्निमा॒मादं॑ जहि॒ निष्क्र॒व्याद॑ꣳ से॒धा दे॑व॒यजं॑ वह। ध्रु॒वम॑सि पृथि॒वीं दृ॑ꣳह ब्रह्म॒वनि॑ त्वा क्षत्र॒वनि॑ सजात॒वन्युप॑दधामि॒ भ्रातृ॑व्यस्य व॒धाय॑ ॥१७॥,"निचृद् ब्राह्मी पङ्क्तिः,",अग्निर्देवता,परमेष्ठी प्रजापतिर्ऋषिः,धृष्टिः। अ॒सि। अप॑। अ॒ग्ने॒। अ॒ग्निम्। आ॒माद॒मित्या॑मऽअद॑म्। ज॒हि॒। निष्क्र॒व्याद॒मिति निष्क्रव्य॒ऽअद॑म्। सेध॒। आ। दे॒व॒यज॒मिति। देव॒ऽयज॑म्। व॒ह॒। ध्रु॒वम्। अ॒सि॒। पृ॒थिवी॑म्। दृ॒ꣳह॒। ब्र॒ह्म॒वनीति ब्रह्म॒ऽवनि॑। त्वा॒। क्ष॒त्र॒वनीति॑ क्षत्र॒ऽवनि॑। स॒जा॒त॒वनीति॑ सजात॒ऽवनि॑। उप॑ऽद॒धा॒मि॒। भ्रातृ॑व्यस्य व॒धाय॑ ॥१७॥,https://www.xn--j2b3a4c.com/yajurveda/1/17,2025-12-05T02:44:10.665047
1,19,शर्मा॒स्यव॑धूत॒ꣳ रक्षोऽव॑धूता॒ऽअरा॑त॒योऽदि॑त्या॒स्त्वग॑सि॒ प्रति॒ त्वादि॑तिर्वेतु। धि॒षणा॑सि पर्व॒ती प्रति॒ त्वादि॑त्या॒स्त्वग्वे॑त्तु दि॒वः स्क॑म्भ॒नीर॑सि धि॒षणा॑सि पार्वते॒यी प्रति॑ त्वा पर्व॒ती वे॑त्तु ॥१९॥,"निचृद् ब्राह्मी त्रिष्टुप्,",अग्निर्देवता,परमेष्ठी प्रजापतिर्ऋषिः,शर्म॑। अ॒सि॒। अव॑धूत॒मित्यव॑ऽधूतम्। रक्षः॑। अव॑धूता॒ इत्यव॑ऽधूताः। अरा॑तयः। अदि॑त्याः। त्वक्। अ॒सि॒। प्रति॑। त्वा॒। अदि॑तिः। वे॒त्तु॒। धि॒षणा॑। अ॒सि॒। प॒र्व॒ती। प्रति॑। त्वा॒। अदि॑त्याः। त्वक्। वे॒त्तु॒। दि॒वः। स्क॒म्भ॒नीः। अ॒सि॒। धिषणा॑। अ॒सि॒। पा॒र्व॒ते॒यी। प्रति॑। त्वा॒। प॒र्व॒ती वे॒त्तु॒ ॥१९॥,https://www.xn--j2b3a4c.com/yajurveda/1/19,2025-12-05T02:44:14.116205
1,20,धा॒न्य᳖मसि धिनु॒हि दे॒वान् प्रा॒णाय॑ त्वोदा॒नाय॑ त्वा व्या॒नाय॑ त्वा। दी॒र्घामनु॒ प्रसि॑ति॒मायु॑षे धां दे॒वो वः॑ सवि॒ता हिर॑ण्यपाणिः॒ प्रति॑गृभ्णा॒त्वच्छि॑द्रेण पा॒णिना॒ चक्षु॑षे त्वा म॒हीनां॒ पयो॑ऽसि ॥२०॥,"विराड् ब्राह्मी त्रिष्टुप्,",सविता देवता,परमेष्ठी प्रजापतिर्ऋषिः,धा॒न्य᳖म्। अ॒सि॒। धि॒नु॒हि। दे॒वान्। प्रा॒णाय॑। त्वा॒। उ॒दा॒नायेत्यु॑त्ऽआ॒नाय॑। त्वा॒। व्या॒नायेति॑ विऽआ॒नाय॑। त्वा॒। दी॒र्घाम्। अनु॑। प्रसि॑तिमिति॒ प्रऽसि॑तिम्। आयु॑षे। धा॒म्। दे॒वः। वः॒। स॒वि॒ता। हिर॑ण्यपाणि॒रिति॒ हिर॑ण्यऽपाणिः। प्रति॑। गृ॒भ्णा॒तु॒। अच्छि॑द्रेण। पा॒णिना॒। चक्षु॑षे। त्वा॒। म॒हीना॑म्। पयः॑। अ॒सि॒ ॥२०॥,https://www.xn--j2b3a4c.com/yajurveda/1/20,2025-12-05T02:44:15.232487
1,21,दे॒वस्य॑ त्वा सवि॒तुः प्र॑स॒वे᳕ऽश्विनो॑र्बा॒हुभ्यां॑ पू॒ष्णो हस्ता॑भ्याम्। सं व॑पामि॒ समाप॒ऽओष॑धीभिः॒ समोष॑धयो॒ रसे॑न। सꣳ रे॒वती॒र्जग॑तीभिः पृच्यन्ता॒ सं मधु॑मती॒र्मधु॑मतीभिः पृच्यन्ताम् ॥२१॥,"गायत्री, निचृत् पङ्क्तिः",यज्ञो देवता सर्वस्य,परमेष्ठी प्रजापतिर्ऋषिः,दे॒वस्य॑। त्वा॒। स॒वि॒तुः। प्र॒स॒व इति॑ प्रऽस॒वे। अ॒श्विनोः॑। बा॒हुभ्या॒मिति॑ बा॒हुभ्या॑म्। पू॒ष्णः। हस्ता॑भ्याम्। सम्। व॒पा॒मि॒। सम्। आपः॑। ओष॑धीभिः। सम्। ओष॑धयः। रसे॑न। सम्। रे॒वतीः॑। जग॑तीभिः। पृ॒च्य॒न्ता॒म्। सम्। मधु॑मती॒रिति॒ मधु॑ऽमतीः। मधु॑मतीभि॒रिति॒ मधु॑ऽमतीभिः। पृ॒च्य॒न्ता॒म् ॥२१॥,https://www.xn--j2b3a4c.com/yajurveda/1/21,2025-12-05T02:44:16.213934
1,22,जन॑यत्यै त्वा॒ संयौ॑मी॒दम॒ग्नेरि॒दम॒ग्नीषोम॑योरि॒षे त्वा॑ घ॒र्मो᳖ऽसि वि॒श्वायु॑रु॒रुप्र॑थाऽउ॒रु प्र॑थस्वो॒रु। ते॑ य॒ज्ञप॑तिः प्रथताम॒ग्निष्टे॒ त्वचं॒ मा हि॑ꣳसीद् दे॒वस्त्वा॑ सवि॒ता श्र॑पयतु॒ वर्षि॒ष्ठेऽधि॒ नाके॑ ॥२२॥,"भुरिक् त्रिष्टुप्, गायत्री",प्रथतामितिपर्य्यन्तस्य यज्ञो देवता। अन्त्यस्याग्निसवितारौ देवते,परमेष्ठी प्रजापतिर्ऋषिः,जन॑यत्यै। त्वा॒। सम्। यौ॒मि॒। इ॒दम्। अ॒ग्नेः। इ॒दम्। अ॒ग्नीषोम॑योः। इ॒षे। त्वा॒। घ॒र्मः। अ॒सि॒। वि॒श्वायु॒रिति॑ वि॒श्वऽआ॑युः। उ॒रुप्र॑था॒ इत्यु॒रुऽप्र॑थाः। उ॒रु। प्र॒थ॒स्व॒। उ॒रु। ते॒। य॒ज्ञप॑ति॒रिति॑ य॒ज्ञऽप॑तिः। प्र॒थ॒ता॒म्। अ॒ग्निः। ते॒। त्वच॑म्। मा। हि॒ꣳसी॒त्। दे॒वः। त्वा॒। स॒वि॒ता। श्र॒प॒य॒तु॒। वर्षि॑ष्ठे। अधि॑। नाके॑ ॥२२॥,https://www.xn--j2b3a4c.com/yajurveda/1/22,2025-12-05T02:44:18.623893
1,23,मा भे॒र्मा॒ संवि॑क्था॒ऽअत॑मेरुर्य॒ज्ञोऽत॑मेरु॒र्यज॑मानस्य प्र॒जा भू॑यात् त्रि॒ताय॑ त्वा द्वि॒ताय॑ त्वैक॒ताय॑ त्वा ॥२३॥,बृहती,अग्निर्देवता,परमेष्ठी प्रजापतिर्ऋषिः,मा। भेः॒। मा। सम्। वि॒क्थाः॒। अत॑मेरुः। य॒ज्ञः। अत॑मेरुः। यज॑मानस्य। प्र॒जेति॑ प्र॒ऽजा। भू॒या॒त्। त्रि॒ताय॑। त्वा॒। द्वि॒ताय॑। त्वा॒। ए॒क॒ताय॑। त्वा॒ ॥२३॥,https://www.xn--j2b3a4c.com/yajurveda/1/23,2025-12-05T02:44:20.302453
1,24,दे॒वस्य॑ त्वा सवि॒तुः प्र॑स॒वे᳕ऽश्विनो॑र्बा॒हुभ्यां॑ पू॒ष्णो हस्ता॑भ्याम्। आद॑देऽध्वर॒कृतं॑ दे॒वेभ्य॒ऽइन्द्र॑स्य बा॒हुर॑सि॒ दक्षि॑णः स॒हस्र॑भृष्टिः श॒तते॑जा वा॒युर॑सि ति॒ग्मते॑जा द्विष॒तो व॒धः ॥२४॥,"स्वराड् ब्राह्मी पङ्क्तिः,",द्योविद्युतौ देवते,परमेष्ठी प्रजापतिर्ऋषिः,दे॒वस्य॑। त्वा॒। स॒वि॒तुः। प्र॒स॒व इति॑ प्रऽस॒वे। अ॒श्विनोः॑। बा॒हुभ्या॒मिति॑ बा॒हुऽभ्या॑म्। पू॒ष्णः। हस्ता॑भ्याम्। आ। द॒दे॒। अ॒ध्व॒र॒कृत॒मित्य॑ध्वर॒ऽकृत॑म् दे॒वेभ्यः॑। इन्द्र॑स्य। बा॒हुः। अ॒सि॒। दक्षि॑णः। स॒हस्र॑भृष्टि॒रिति॑ स॒हस्र॑ऽभृष्टिः। श॒तते॑जा॒ इति श॒तऽते॑जाः। वा॒युः। अ॒सि॒। ति॒ग्मते॑जा॒ इति॑ ति॒ग्मऽते॑जाः। द्वि॒ष॒तः। व॒धः ॥२४॥,https://www.xn--j2b3a4c.com/yajurveda/1/24,2025-12-05T02:44:22.190753
1,25,पृथि॑वि देवयज॒न्योष॑ध्यास्ते॒ मूलं॒ मा हि॑ꣳसिषं व्र॒जं ग॑च्छ गो॒ष्ठानं वर्ष॑तु ते॒ द्यौर्ब॑धा॒न दे॑व सवितः पर॒मस्यां॑ पृथि॒व्या श॒तेन॒ पाशै॒र्यो᳕ऽस्मान्द्वेष्टि॒ यं च॑ व॒यं द्वि॒ष्मस्तमतो॒ मा मौ॑क् ॥२५॥,विराड् ब्राह्मी त्रिष्टुप्,सविता देवता,परमेष्ठी प्रजापतिर्ऋषिः,पृथि॑वि। दे॒व॒य॒ज॒नीति॑ देवऽयजनि। ओष॑ध्याः। ते॒। मूल॑म्। मा। हि॒ꣳसि॒ष॒म्। व्र॒जम्। ग॒च्छ॒। गो॒ष्ठान॑म्। गो॒स्थान॒मिति॑ गो॒ऽस्थान॑म्। वर्ष॑तु। ते॒। द्यौः। ब॒धा॒न। दे॒व॒। स॒वि॒त॒रिति॑ सवितः। प॒र॒म्। अस्या॑म्। पृ॒थि॒व्याम्। श॒तेन॑। पाशैः॑। यः। अ॒स्मान्। द्वेष्टि॑। यम्। च॒। व॒यम्। द्वि॒ष्मः। तम्। अतः॑। मा। मौ॒क् ॥२५॥,https://www.xn--j2b3a4c.com/yajurveda/1/25,2025-12-05T02:44:24.775406
1,26,अपा॒ररुं॑ पृथि॒व्यै दे॑व॒यज॑नाद्वध्यासं व्र॒जं ग॑च्छ गो॒ष्ठानं॒ वर्ष॑तु ते॒ द्यौर्ब॑धा॒न दे॑व सवितः पर॒मस्यां॑ पृथि॒व्या श॒तेन॒ पाशै॒र्यो᳕ऽस्मान्द्वेष्टि॒ यं च॑ व॒यं द्विष्मस्तमतो॒ मा मौ॑क्। अर॑रो॒ दिवं॒ मा प॑प्तो द्र॒प्सस्ते॒ द्यां मा स्क॑न् व्र॒जं ग॑च्छ गो॒ष्ठानं॒ वर्ष॑तु ते॒ द्यौर्ब॑धा॒न दे॑व सवितः पर॒मस्यां॑ पृथि॒व्या श॒तेन॒ पाशै॒र्यो᳕ऽस्मान्द्वेष्टि॒ यं च॑ व॒यं द्वि॒ष्मस्तमतो॒ मा मौ॑क् ॥२६॥,"स्वराड् ब्राह्मी पङ्क्तिः, भुरिग् ब्राह्मी पङ्क्तिः",सविता देवता,परमेष्ठी प्रजापतिर्ऋषिः,अप॑। अ॒ररु॑म्। पृ॒थि॒व्यै। दे॒व॒यज॑ना॒दिति॑ देव॒ऽयज॑नात्। व॒ध्या॒स॒म्। व्र॒जम्। ग॒च्छ॒। गो॒ष्ठान॑म्। गो॒स्थान॒मिति गो॒ऽस्थान॑म्। व॑र्षतु। ते॒। द्यौः। ब॒धा॒न। दे॒व॒। स॒वि॒त॒रिति सवितः। प॒र॒म्। अस्या॑म्। पृ॒थि॒व्याम्। श॒तेन॑। पाशैः॑। यः। अ॒स्मान्। द्वेष्टि॑। यम्। च॒। व॒यम्। द्वि॒ष्मः। तम्। अतः॑। मा। मौ॒क्। अर॑रो॒ऽइत्यर॑रो। दिव॑म्। मा। प॒प्तः॒। द्र॒प्सः। ते॒। द्याम्। मा। स्क॒न्। व्र॒जम्। ग॒च्छ॒। गो॒ष्ठान॑म्। गो॒स्थान॒मिति गो॒ऽस्थान॑म्। व॑र्षतु। ते॒। द्यौः। ब॒धा॒न। दे॒व॒। स॒वि॒त॒रिति॑ सवितः। प॒र॒मस्या॑म्। पृ॒थि॒व्याम्। श॒तेन॑। पाशैः॑। यः। अ॒स्मान्। द्वेष्टि॑। यम्। च॒। व॒यम्। द्वि॒ष्मः। तम्। अतः॑। मा। मौ॒क् ॥२६॥,https://www.xn--j2b3a4c.com/yajurveda/1/26,2025-12-05T02:44:26.865152
1,27,गा॒य॒त्रेण त्वा॒ छन्द॑सा॒ परि॑गृह्णामि॒ त्रैष्टु॑भेन त्वा॒ छन्द॑सा॒ परि॑गृह्णामि॒ जाग॑तेन त्वा॒ छन्द॑सा॒ परि॑गृह्णामि॒। सु॒क्ष्मा चासि॑ शि॒वा चा॑सि स्यो॒ना चासि॑ सु॒षदा॑ चा॒स्यू॑र्ज॑स्वती॒ चासि॒ पय॑स्वती च ॥२७॥,ब्राह्मी त्रिष्टुप्,यज्ञो देवता,परमेष्ठी प्रजापतिर्ऋषिः,गा॒य॒त्रेण॑। त्वा॒। छन्द॑सा। परि॑। गृ॒ह्णा॒मि॒। त्रैष्टु॑भेन। त्रैस्तु॑भे॒नेति॒ त्रैस्तु॑भेन। त्वा॒। छन्द॑सा। परि॑। गृ॒ह्णा॒मि॒। जाग॑तेन। त्वा॒। छन्द॑सा। परि॑। गृ॒ह्णा॒मि॒। सु॒क्ष्मा। च॒। असि॑। शि॒वा। च॒। अ॒सि॒। स्यो॒ना। च॒। असि॑। सु॒षदा॑। सु॒सदेति॑ सु॒ऽसदा॑। च॒। अ॒सि॒। ऊर्ज॑स्वती। च॒। असि॑। पय॑स्वती। च॒ ॥२७॥,https://www.xn--j2b3a4c.com/yajurveda/1/27,2025-12-05T02:44:28.737854
1,28,पु॒रा क्रू॒रस्य॑ वि॒सृपो॑ विरप्शिन्नुदा॒दाय॑ पृथि॒वीं जी॒वदा॑नुम्। यामैर॑यँश्च॒न्द्रम॑सि स्व॒धाभि॒स्तामु॒ धीरा॑सोऽअनु॒दिश्य॑ यजन्ते। प्रोक्ष॑णी॒रासा॑दय द्विष॒तो व॒धो॒सि ॥२८॥,विराड् ब्राह्मी पङ्क्तिः,यज्ञो देवता,परमेष्ठी प्रजापतिर्ऋषिः,पु॒रा। क्रूरस्य॑। वि॒सृप॒ इति वि॒ऽसृपः॑। वि॒र॒प्शि॒न्निति॑ विऽरप्शिन्। उ॒दा॒दायेत्यु॑त्ऽआ॒दाय॑। पृ॒थि॒वीम्। जी॒वदा॑नु॒मिति॑ जी॒वऽदा॑नुम्। याम्। ऐर॑यन्। च॒न्द्रम॑सि। स्व॒धाभिः॑। ताम्। ऊँ॒ इत्यूँ॑। धीरा॑सः। अ॒नु॒दिश्येत्य॑नु॒ऽदिश्य॑। य॒ज॒न्ते॒। प्रोक्ष॑णी॒रिति॑ प्र॒ऽउक्ष॑णीः। आ। सा॒द॒य॒। द्वि॒ष॒तः। व॒धः अ॒सि॒ ॥२८॥,https://www.xn--j2b3a4c.com/yajurveda/1/28,2025-12-05T02:44:30.139559
1,29,प्रत्यु॑ष्ट॒ꣳ रक्षः॒ प्रत्यु॑ष्टा॒ऽअरा॑तयो॒ निष्ट॑प्त॒ꣳ रक्षो॒ निष्ट॑प्ता॒ऽअरा॑तयः। अनि॑शितोऽसि सपत्न॒क्षिद्वा॒जिनं॑ त्वा वाजे॒ध्यायै॒ सम्मा॑र्ज्मि। प्रत्यु॑ष्ट॒ꣳ रक्षः॒ प्रत्यु॑ष्टा॒ऽअरा॑तयो॒ निष्ट॑प्त॒ꣳ रक्षो॒ निष्ट॑प्ता॒ऽअरा॑तयः। अनि॑शितासि सपत्न॒क्षिद्वा॒जिनीं॑ त्वा वाजे॒ध्यायै॒ सम्मा॑र्ज्मि ॥२९॥,त्रिष्टुप्,यज्ञो देवता सर्वस्य,परमेष्ठी प्रजापतिर्ऋषिः,प्रत्यु॑ष्ट॒मिति॒ प्रति॑ऽउष्टम्। रक्षः॑। प्रत्यु॑ष्टा॒ इति॒ प्रति॑ऽउष्टाः। अरा॑तयः। निष्ट॑प्तम्। निस्त॑प्त॒मिति॒ निःऽत॑प्तम्। रक्षः॑। निष्ट॑प्ताः। निस्त॑प्ता॒ इति॒ निःऽत॑प्ताः। अरा॑तयः। अनि॑शित॒ इत्यनि॑ऽशितः। अ॒सि॒। स॒प॒त्न॒क्षिदिति॑ सपत्न॒ऽक्षित्। वा॒जिन॑म्। त्वा॒। वा॒जे॒ध्याया॒ इति॑ वाजऽइ॒ध्यायै॑। सम्। मा॒र्ज्मि॒। प्रत्यु॑ष्ट॒मिति॒ प्रति॑ऽउष्टम्। रक्षः॑। प्रत्यु॑ष्टा॒ इति॒ प्रति॑ऽउष्टाः। अरा॑तयः। निष्ट॑प्तम्। निस्त॑प्त॒मिति॒ निःत॑प्तम्। रक्षः॑। निष्ट॑प्ताः। निस्त॑प्ता॒ इति॒ निःत॑प्ताः। अरा॑तयः। अनि॑शि॒तेत्यनि॑ऽशिता। अ॒सि॒। स॒प॒त्न॒क्षिदिति॑ सपत्न॒ऽक्षित्। वा॒जिनी॑म्। त्वा॒। वा॒जे॒ध्याया॒ इति॑ वाजऽइ॒ध्यायै॑। सम्। मा॒र्ज्मि॒ ॥२९॥,https://www.xn--j2b3a4c.com/yajurveda/1/29,2025-12-05T02:44:32.465494
1,31,स॒वि॒तुस्त्वा॑ प्रस॒वऽउत्पु॑ना॒म्यच्छि॑द्रेण प॒वित्रेण॒ सूर्य्य॑स्य र॒श्मिभिः॑। स॒वि॒तुर्वः॑ प्र॒स॒वऽउत्पु॑ना॒म्यच्छि॑द्रेण प॒वित्रे॑ण॒ सूर्य्य॑स्य र॒श्मिभिः॑। तेजो॑ऽसि शु॒क्रम॑स्य॒मृत॑मसि॒ धाम॒ नामा॑सि प्रि॒यं दे॒वाना॒मना॑धृष्टं देव॒यज॑नमसि ॥३१॥,जगती अनुष्टुप्,यज्ञो देवता सर्वस्य,परमेष्ठी प्रजापतिर्ऋषिः,स॒वि॒तुः त्वा॒। प्र॒स॒व इति॑ प्रऽस॒वे। उत्। पु॒ना॒मि॒। अच्छि॑द्रेण। प॒वित्रे॑ण। सूर्य्य॑स्य। र॒श्मिभि॒रिति॑ र॒श्मिऽभिः॑। स॒वि॒तुः। वः॒। प्र॒स॒व इति॑ प्रऽस॒वे। उत्। पु॒ना॒मि॒। अच्छि॑द्रेण। प॒वित्रे॑ण। सूर्य्य॑स्य। र॒श्मिभि॒रिति॑ र॒श्मिभिः॑। ते॑जः। अ॒सि॒। शु॒क्रम्। अ॒सि॒। अ॒मृत॑म्। अ॒सि॒। धाम॑। नाम॑। अ॒सि॒। प्रि॒यम्। दे॒वाना॑म्। अना॑धृष्टम्। दे॒व॒यज॑न॒मिति॑ देव॒ऽयजन॑म्। अ॒सि॒ ॥३१॥,https://www.xn--j2b3a4c.com/yajurveda/1/31,2025-12-05T02:44:35.947400
2,1,कृष्णो॑ऽस्याखरे॒ष्ठो᳕ऽग्नये॑ त्वा॒ जुष्टं॒ प्रोक्षा॑मि॒ वेदि॑रसि ब॒र्हिषे॑ त्वा॒ जुष्टां॒ प्रोक्षा॑मि ब॒र्हिर॑सि स्रु॒ग्भ्यस्त्वा॒ जुष्टं॒ प्रोक्षा॒मि ॥१॥,निचृत् पङ्क्तिः,यज्ञो देवता,परमेष्ठी प्रजापतिर्ऋषिः,कृष्णः॑। अ॒सि॒। आ॒ख॒रे॒ष्ठः। आ॒ख॒रे॒स्थ इत्या॑खरे॒ऽस्थः। अ॒ग्नये॑। त्वा॒। जुष्ट॑म्। प्र। उ॒क्षा॒मि॒। वेदिः॑। अ॒सि॒। ब॒र्हिषे॑। त्वा॒। जुष्टा॑म्। प्र। उ॒क्षा॒मि॒। ब॒र्हिः। अ॒सि॒। स्रु॒ग्भ्य इति स्रु॒क्ऽभ्यः। त्वा॒। जुष्ट॑म्। प्र। उ॒क्षा॒मि॒ ॥१॥,https://www.xn--j2b3a4c.com/yajurveda/2/1,2025-12-05T02:44:39.115788
2,2,अदि॑त्यै॒ व्युन्द॑नमसि॒ विष्णो॑ स्तु॒पो᳕ऽस्यूर्ण॑म्रदसं त्वा स्तृणामि स्वास॒स्थां दे॒वेभ्यो॒ भुव॑पतये॒ स्वाहा॒ भुवन॑पतये॒ स्वाहा॑ भू॒तानां॒ पत॑ये॒ स्वाहा॑ ॥२॥,स्वराड् जगती,यज्ञो देवता,परमेष्ठी प्रजापतिर्ऋषिः,अदि॑त्यै। व्युन्द॑न॒मिति॑। वि॒ऽउन्द॑नम्। अ॒सि॒। विष्णोः॑। स्तु॒पः। अ॒सि॒। ऊर्ण॑म्रदस॒मित्यूर्ण॑ऽम्रदसम्। त्वा॒। स्तृ॒णा॒मि॒। स्वा॒स॒स्थामिति॑ सुऽआ॒स॒स्थाम्। दे॒वेभ्यः॑। भुवप॑तय॒ इति॒ भुव॑ऽपतये। स्वाहा॑। भुव॑नपतय॒ इति॒ भुव॑नऽपतये। स्वाहा॑। भू॒ताना॑म्। पत॑ये स्वाहा॑ ॥२॥,https://www.xn--j2b3a4c.com/yajurveda/2/2,2025-12-05T02:44:41.273445
2,3,ग॒न्ध॒र्वस्त्वा॑ वि॒श्वाव॑सुः॒ परि॑दधातु॒ विश्व॒स्यारि॑ष्ट्यै॒ यज॑मानस्य परि॒धिर॑स्य॒ग्निरि॒डऽई॑डि॒तः। इन्द्र॑स्य बा॒हुर॑सि॒ दक्षि॑णो॒ विश्व॒स्यारि॑ष्ट्यै॒ यज॑मानस्य परि॒धिर॑स्य॒ग्निरि॒डऽई॑डि॒तः। मि॒त्रावरु॑णौ त्वोत्तर॒तः परि॑धत्तां ध्रु॒वेण॒ धर्म॑णा॒ विश्व॒स्यारि॑ष्ट्यै॒ यज॑मानस्य परि॒धिर॑स्य॒ग्निरि॒डऽई॑डि॒तः ॥३॥,"भुरिग् आर्ची त्रिष्टुप्, भुरिग् आर्ची पङ्क्तिः",अग्निः सर्वस्य,परमेष्ठी प्रजापतिर्ऋषिः,ग॒न्ध॒र्वः। त्वा॒। वि॒श्वाव॑सुः॒। वि॒श्व॑वसु॒रिति॑ वि॒श्वऽव॑सुः। परि॑। द॒धा॒तु॒। विश्व॑स्य। अरि॑ष्ट्यै। यज॑मानस्य। प॒रि॒धिरिति॑ परि॒ऽधिः। अ॒सि॒। अ॒ग्निः। इ॒डः। ई॒डि॒तः। इन्द्र॑स्य। बा॒हुः। अ॒सि॒। दक्षि॑णः। विश्व॑स्य। अरि॑ष्ट्यै। यज॑मानस्य। प॒रि॒धिरिति॑ परि॒ऽधिः। अ॒सि॒। अ॒ग्निः। इ॒डः। ई॒डि॒तः। मि॒त्रावरु॑णौ। त्वा॒। उ॒त्त॒र॒तः। परि॑। ध॒त्ता॒म्। ध्रु॒वेण॑। धर्म॑णा। विश्व॑स्य। अरि॑ष्ट्यै। यज॑मानस्य। प॒रि॒धिरिति॑ परि॒ऽधिः। अ॒सि॒। अ॒ग्निः। इ॒डः। ई॒डि॒तः ॥३॥,https://www.xn--j2b3a4c.com/yajurveda/2/3,2025-12-05T02:44:44.064957
2,4,वी॒तिहो॑त्रं त्वा कवे द्यु॒मन्त॒ꣳ समि॑धीमहि। अग्ने॑ बृ॒हन्त॑मध्व॒रे ॥४॥,"निचृद् गायत्री,",अग्निर्देवता,परमेष्ठी प्रजापतिर्ऋषिः,वी॒तिहो॑त्र॒मिति॑ वी॒तिऽहो॑त्रम्। त्वा॒। क॒वे॒। द्यु॒मन्त॒मिति॑ द्यु॒ऽमन्त॒म्। सम्। इ॒धी॒म॒हि॒। अग्ने॑। बृ॒हन्त॑म्। अ॒ध्व॒रे ॥४॥,https://www.xn--j2b3a4c.com/yajurveda/2/4,2025-12-05T02:44:46.711676
2,5,स॒मिद॑सि॒ सूर्य्य॑स्त्वा पु॒रस्ता॑त् पातु॒ कस्या॑श्चिद॒भिश॑स्त्यै। स॒वि॒तुर्बा॒हू स्थ॒ऽऊर्ण॑म्रदसं त्वा स्तृणामि स्वास॒स्थं दे॒वेभ्य॒ऽआ त्वा॒ वस॑वो रु॒द्राऽआ॑दि॒त्याः स॑दन्तु ॥५॥,निचृद् ब्राह्मी बृहती,यज्ञो देवता,परमेष्ठी प्रजापतिर्ऋषिः,स॒मिदिति॑ स॒म्ऽइत्। अ॒सि॒। सूर्य्यः॑। त्वा॒। पु॒रस्ता॑त्। पा॒तु॒। कस्याः॑। चि॒त्। अ॒भिश॑स्त्या॒ इत्य॒भिऽश॑स्त्यै। स॒वि॒तुः। बा॒हूऽइति॑ बा॒हू। स्थः॒। उर्ण॑म्रदस॒मित्यूर्ण॑ऽम्रदसम्। त्वा॒। स्तृ॒णा॒मि॒। स्वा॒स॒स्थमिति॑ सुऽआ॒स॒स्थम्। दे॒वेभ्यः॑। आ। त्वा॒। वस॑वः। रु॒द्राः। आ॒दि॒त्याः स॒द॒न्तु॒ ॥५॥,https://www.xn--j2b3a4c.com/yajurveda/2/5,2025-12-05T02:44:48.970591
2,7,अग्ने॑ वाजजि॒द् वाजं॑ त्वा सरि॒ष्यन्तं॑ वाज॒जित॒ꣳ सम्मा॑र्ज्मि। नमो॑ दे॒वेभ्यः॑ स्व॒धा पि॒तृभ्यः॑ सु॒यमे॑ मे भूयास्तम् ॥७॥,बृहती,अग्निर्देवता,परमेष्ठी प्रजापतिर्ऋषिः,अग्ने॑। वा॒ज॒जि॒दिति॑ वाजऽजित्। वाज॑म्। त्वा॒। स॒रि॒ष्यन्त॑म्। वा॒ज॒जित॒मिति॑ वाज॒ऽजित॑म्। सम्। मा॒र्ज्मि॒। नमः॑। दे॒वेभ्यः॑। स्व॒धा। पि॒तृभ्य॒ इति॑ पि॒तृऽभ्यः॑। सु॒यमे॒ऽइति॑ सु॒ऽयमे॑। मे॒। भू॒या॒स्त॒म् ॥७॥,https://www.xn--j2b3a4c.com/yajurveda/2/7,2025-12-05T02:44:52.531933
2,8,अस्क॑न्नम॒द्य दे॒वेभ्य॒ऽआज्य॒ꣳ संभ्रि॑यास॒मङ्घ्रि॑णा विष्णो॒ मा त्वाव॑क्रमिषं॒ वसु॑मतीमग्ने ते छा॒यामुप॑स्थेषं॒ विष्णो॒ स्थान॑मसी॒तऽइन्द्रो॑ वी॒र्य्य᳖मकृणोदू॒र्ध्वो᳖ऽध्व॒रऽआस्था॑त् ॥८॥,विराड् ब्राह्मी पङ्क्तिः,विष्णुर्देवता,परमेष्ठी प्रजापतिर्ऋषिः,अस्क॑न्नम्। अ॒द्य। दे॒वेभ्यः॑। आज्य॑म्। सम्। भ्रि॒या॒स॒म्। अङ्घ्रि॑णा। वि॒ष्णो॒ऽइति॑ विष्णो। मा। त्वा॒। अव॑। क्र॒मि॒ष॒म्। वसु॑मती॒मिति॒ वसु॑ऽमतीम्। अ॒ग्ने॒। ते॒। छा॒याम्। उप॑। स्थे॒ष॒म्। विष्णोः॑। स्थान॑म्। अ॒सि॒। इ॒तः। इन्द्रः॑। वी॒र्य्य᳖म्। अ॒कृ॒णो॒त्। ऊ॒र्ध्वः। अ॒ध्व॒रः। आ। अ॒स्था॒त् ॥८॥,https://www.xn--j2b3a4c.com/yajurveda/2/8,2025-12-05T02:44:53.583533
2,9,अग्ने॒ वेर्हो॒त्रं वेर्दू॒त्य᳕मव॑तां॒ त्वां द्यावा॑पृथि॒वीऽअव॒ त्वं द्यावा॑पृथि॒वी स्वि॑ष्ट॒कृद्दे॒वेभ्य॒ऽइन्द्र॒ऽआज्ज्ये॑न ह॒विषा॑ भू॒त्स्वाहा॒ सं ज्योति॑षा॒ ज्योतिः॑ ॥९॥,जगती,अग्निर्देवता,परमेष्ठी प्रजापतिर्ऋषिः,अग्नेः॑। वेः। हो॒त्रम्। वेः। दू॒त्य᳖म्। अव॑ताम्। त्वाम्। द्यावा॑पृथि॒वीऽइति॒ द्यावा॑ऽपृथि॒वी। अव॑। त्वम्। द्यावा॑पृथि॒वीऽइति॒ द्यावा॑ऽपृथि॒वी। स्वि॒ष्ट॒कृदिति॑ स्विष्ट॒ऽकृत्। दे॒वेभ्यः॑। इन्द्रः॑। आज्ये॑न। ह॒विषा॑। भू॒त्। स्वाहा॑। सम्। ज्योति॑षा। ज्योतिः॑ ॥९॥,https://www.xn--j2b3a4c.com/yajurveda/2/9,2025-12-05T02:44:55.746632
2,10,मयी॒दमिन्द्र॑ऽइन्द्रि॒यं द॑धात्व॒स्मान् रायो॑ म॒घवा॑नः सचन्ताम्। अ॒स्माक॑ꣳ सन्त्वा॒शिषः॑ स॒त्या नः॑ सन्त्वा॒शिष॒ऽउप॑हूता पृथि॒वी मा॒तोप॒ मां पृ॑थि॒वी मा॒ता ह्व॑यताम॒ग्निराग्नी॑ध्रा॒त् स्वाहा॑ ॥१०॥,भुरिग् ब्राह्मी पङ्क्तिः,इन्द्रो देवता,परमेष्ठी प्रजापतिर्ऋषिः,मयि॑। इ॒दम्। इन्द्रः॑। इ॒न्द्रि॒यम्। द॒धा॒तु। अ॒स्मान्। रायः॑। म॒घवा॒न॒ इति॑ म॒घऽवा॑नः। स॒च॒न्ता॒म्। अ॒स्माक॑म्। स॒न्तु॒। आ॒शिष॒ इत्या॒ऽशिषः॑। स॒त्याः। नः॒। स॒न्तु॒। आ॒शिष॒ इत्या॒ऽशिषः॑। उप॑हू॒तेत्युप॑ऽहूता। पृ॒थि॒वी। मा॒ता। उप॑। माम्। पृ॒थि॒वी। मा॒ता। ह्व॒य॒ता॒म्। अ॒ग्निः। आग्नी॑ध्रात्। स्वाहा॑ ॥१०॥,https://www.xn--j2b3a4c.com/yajurveda/2/10,2025-12-05T02:44:57.150270
2,11,उप॑हूतो॒ द्यौष्पि॒तोप॒ मां द्यौष्पि॒ता ह्व॑यताम॒ग्निराग्नी॑ध्रा॒त् स्वाहा॑। दे॒वस्य॑ त्वा सवि॒तुः प्र॑स॒वे᳕ऽश्विनो॑र्बा॒हुभ्यां॑ पू॒ष्णो हस्ता॑भ्याम्। प्रति॑ गृह्णाम्य॒ग्नेष्ट्वा॒स्ये᳖न॒ प्राश्ना॑मि ॥११॥,ब्राह्मी बृहती,द्यावापृथिवी देवते,परमेष्ठी प्रजापतिर्ऋषिः,उप॑हूत॒ इत्युप॑ऽहूतः। द्यौः। पि॒ता। उप॑। माम्। द्यौः। पि॒ता। ह्व॒य॒ता॒म्। अ॒ग्निः। आग्नी॑ध्रात्। स्वाहा॑। दे॒वस्य॑। त्वा॒। स॒वि॒तुः। प्र॒स॒व इति॑ प्रऽस॒वे। अ॒श्विनोः॑। बा॒हुभ्या॒मिति॑ बा॒हुऽभ्या॑म्। पू॒ष्णः। हस्ता॑भ्याम्। प्रति॑। गृ॒ह्णा॒मि॒। अ॒ग्नेः। त्वा॒। आ॒स्ये᳖न। प्र। अ॒श्ना॒मि॒ ॥११॥,https://www.xn--j2b3a4c.com/yajurveda/2/11,2025-12-05T02:44:59.846043
2,12,ए॒तं ते॑ देव सवितर्य॒ज्ञं प्राहु॒र्बृह॒स्पत॑ये ब्र॒ह्मणे॑। तेन॑ य॒ज्ञम॑व॒ तेन॑ य॒ज्ञप॑तिं॒ तेन॒ माम॑व ॥१२॥,भुरिग् बृहती,सविता देवता,परमेष्ठी प्रजापतिर्ऋषिः,ए॒तम्। ते॒। दे॒व॒। स॒वि॒तः॒। य॒ज्ञम्। प्र। आ॒हुः॒। बृह॒स्पत॑ये। ब्र॒ह्मणे॑। तेन॑। य॒ज्ञम्। अ॒व॒। तेन॑। य॒ज्ञप॑ति॒मिति॑ य॒ज्ञऽप॑तिम्। तेन॑। माम्। अ॒व॒ ॥१२॥,https://www.xn--j2b3a4c.com/yajurveda/2/12,2025-12-05T02:45:02.351063
2,13,मनो॑ जू॒तिर्जु॑षता॒माज्य॑स्य॒ बृह॒स्पति॑र्य॒ज्ञमि॒मं त॑नो॒त्वरि॑ष्टं य॒ज्ञꣳ समि॒मं द॑धातु। विश्वे॑ दे॒वास॑ऽइ॒ह मा॑दयन्ता॒मो३म्प्रति॑ष्ठ ॥१३॥,विराड् जगती,बृहस्पतिर्देवता,परमेष्ठी प्रजापतिर्ऋषिः,मनः॑। जू॒तिः। जु॒ष॒ता॒म्। आज्य॑स्य। बृह॒स्पतिः॑। य॒ज्ञम्। इ॒मम्। त॒नो॒तु॒। अरि॑ष्टम्। य॒ज्ञम्। सम्। इ॒मम्। द॒धा॒तु॒। विश्वे॑। दे॒वासः॑। इ॒ह। मा॒द॒य॒न्ता॒म्। ओ३म्। प्र। ति॒ष्ठ॒ ॥१३॥,https://www.xn--j2b3a4c.com/yajurveda/2/13,2025-12-05T02:45:04.634286
2,14,ए॒षा ते॑ऽअग्ने स॒मित्तया॒ वर्ध॑स्व॒ चा च प्यायस्व। व॒र्धि॒षी॒महि॑ च व॒यमा च॑ प्यासिषीमहि। अग्ने॑ वाजजि॒द् वाजं॑ त्वा संसृ॒वासं॑ वाज॒जित॒ꣳ सम्मा॑र्ज्मि ॥१४॥,"अनुष्टुप्, भुरिग् आर्ची गायत्री",अग्निः सर्वस्य,परमेष्ठी प्रजापतिर्ऋषिः,ए॒षा। ते॒। अ॒ग्ने॒। स॒मिदिति॑ स॒म्ऽइत्। तया॑। वर्ध॑स्व। च॒। आ॒। च॒। प्या॒य॒स्व॒। व॒र्धि॒षी॒महि॑। च॒। व॒यम्। आ। च॒। प्या॒सि॒षी॒म॒हि॒। अग्ने॑। वा॒ज॒जि॒दिति॑ वाजऽजित्। वाज॑म्। त्वा॒। स॒सृ॒वास॒मिति॑ स॒सृ॒वास॑म्। वा॒ज॒जित॒मिति॑ वाज॒ऽजित॑म्। सम्। मा॒र्ज्मि॒ ॥१४॥,https://www.xn--j2b3a4c.com/yajurveda/2/14,2025-12-05T02:45:06.554492
2,15,अ॒ग्नीषोम॑यो॒रुज्जि॑ति॒मनूज्जे॑षं॒ वाज॑स्य मा प्रस॒वेन॒ प्रोहा॑मि। अ॒ग्नीषोमौ॒ तमप॑नुदतां॒ यो᳕ऽस्मान् द्वेष्टि॒ यं च॑ व॒यं द्वि॒ष्मो वाज॑स्यैनं प्रस॒वेनापो॑हामि। इ॒न्द्रा॒ग्न्योरुज्जि॑ति॒मनूज्जे॑षं॒ वाज॑स्य मा प्रस॒वेन॒ प्रोहा॑मि। इ॒न्द्रा॒ग्नी तमप॑नुदतां॒ यो᳕ऽस्मान् द्वेष्टि॒ यं च॑ व॒यं द्वि॒ष्मो वाज॑स्यैनं प्रस॒वेनापो॑हामि ॥१५॥,"ब्राह्मी बृहती, निचृद् अतिजगती",अग्नीषोमौ देवते,परमेष्ठी प्रजापतिर्ऋषिः,अ॒ग्नीषोम॑योः। उज्जि॑ति॒मित्युत्ऽजि॑तिम्। अनु॑। उत्। जे॒ष॒म्। वाज॑स्य। मा॒ प्र॒स॒वेनेति॑ प्रऽस॒वेन॑। प्र। ऊ॒हा॒मि॒। अ॒ग्नीषोमौ॑। तम्। अप॑। नु॒द॒ता॒म्। यः। अ॒स्मान्। द्वेष्टि॑। यम्। च॒। व॒यम्। द्वि॒ष्मः। वाज॑स्य। ए॒न॒म्। प्र॒स॒वेनेति॑ प्रऽस॒वेन॑। अप॑। ऊ॒हा॒मि। इ॒न्द्रा॒ग्न्योः। उज्जि॑ति॒मित्युत्ऽजि॑तिम्। अनु॑। उत्। जे॒ष॒म्। वाज॑स्य। मा। प्र॒स॒वेनेति॑ प्रऽस॒वेन॑। प्र। ऊ॒हा॒मि॒। इ॒न्द्रा॒ग्नीऽइती॑न्द्रा॒ग्नी। तम्। अप॑। नु॒द॒ता॒म्। यः। अ॒स्मान्। द्वेष्टि॑। यम्। च॒। व॒यम्। द्वि॒ष्मः। वाज॑स्य। ए॒न॒म्। प्र॒स॒वेनेति॑ प्रऽस॒वेन॑। अप॑। ऊ॒हा॒मि॒ ॥१५॥,https://www.xn--j2b3a4c.com/yajurveda/2/15,2025-12-05T02:45:08.573895
2,16,वसु॑भ्यस्त्वा रु॒द्रेभ्य॑स्त्वादि॒त्येभ्य॑स्त्वा॒ संजा॑नाथां द्यावापृथिवी मि॒त्रावरु॑णौ त्वा॒ वृष्ट्या॑वताम्। व्यन्तु॒ वयो॒क्तꣳ रिहा॑णा म॒रुतां॒ पृष॑तीर्गच्छ व॒शा पृश्नि॑र्भू॒त्वा दिवं॑ गच्छ॒ ततो॑ नो॒ वृष्टि॒माव॑ह। च॒क्षु॒ष्पाऽअ॑ग्नेऽसि॒ चक्षु॑र्मे पाहि ॥१६॥,"भूरिग् आर्ची पङ्क्तिः, भुरिक् त्रिष्टुप्,",पूर्वार्द्धे द्यावापृथिवी मित्रावरुणौ च देवताः,परमेष्ठी प्रजापतिर्ऋषिः,वसु॑भ्य॒ इति॒ वसु॑ऽभ्यः। त्वा॒। रु॒द्रेभ्यः॑। त्वा॒। आ॒दि॒त्येभ्यः॑। त्वा॒। सम्। जा॒ना॒था॒म्। द्या॒वा॒पृथि॒वी॒ऽ इति॑ द्यावाऽपृथिवी। मि॒त्रावरु॑णौ। त्वा॒। वृष्ट्या॑। अ॒व॒ता॒म्। व्यन्तु॑। वयः॑। अ॒क्तम्। रिहा॑णाः। म॒रुता॑म्। पृष॑तीः। ग॒च्छ॒। व॒शा। पृश्निः॑। भू॒त्वा। दिव॑म्। ग॒च्छ॒। ततः॑। नः। वृष्टि॑म्। आ॑। व॒ह॒। च॒क्षु॒ष्पाः। अ॒ग्ने॒। अ॒सि॒। चक्षुः॑। मे॒। पा॒हि॒ ॥१६॥,https://www.xn--j2b3a4c.com/yajurveda/2/16,2025-12-05T02:45:10.276270
2,17,य प॑रि॒धिं प॒र्य्यध॑त्था॒ऽअग्ने॑ देवप॒णिभि॑र्गु॒ह्यमा॑नः। तं त॑ऽए॒तमनु॒ जोषं॑ भराम्ये॒ष मेत्त्वद॑पचे॒तया॑ताऽअ॒ग्नेः प्रि॒यं पाथो॑ऽपी॑तम् ॥१७॥,निचृद् जगती,अग्निर्देवता,देवल ऋषिः,यम्। प॑रि॒धिम्। परि॒। अध॑त्थाः। अग्ने॑। दे॒व॒। प॒णिभि॒रिति॑ प॒णिऽभिः॑। गु॒ह्यमा॑नः। तम्। ते॒। ए॒तम्। अनु॑। जोष॑म्। भ॒रा॒मि॒। ए॒षः। मा। इत्। त्वत्। अ॒प॒। चे॒तया॑तै। अ॒ग्नेः। प्रि॒यम्। पाथः॑। अपी॑तम् ॥१७॥,https://www.xn--j2b3a4c.com/yajurveda/2/17,2025-12-05T02:45:12.948619
2,18,स॒ꣳस्र॒वभा॑गा स्थे॒षा बृ॒हन्तः॑ प्रस्तरे॒ष्ठाः प॑रि॒धेया॑श्च दे॒वाः। इ॒मां वाच॑म॒भि विश्वे॑ गृ॒णन्त॑ऽआ॒सद्या॒स्मिन् ब॒र्हिषि॑ मादयध्व॒ꣳ स्वाहा॒ वाट् ॥१८॥,स्वराट् त्रिष्टुप्,विश्वेदेवा देवताः,परमेष्ठी प्रजापतिर्ऋषिः,स॒ꣳस्र॒वभा॑गाः। स्थ॒। इ॒षा। बृ॒हन्तः॑। प्र॒स्तरे॒ष्ठाः। प॒रि॒धेयाः॑। च॒। दे॒वाः। इ॒माम्। वाच॑म्। अ॒भि। विश्वे॑। गृ॒णन्तः॑। आ॒सद्य॑। अ॒स्मिन्। ब॒र्हिषि॑। मा॒द॒य॒ध्व॒म्। स्वाहा॑। वाट् ॥१८॥,https://www.xn--j2b3a4c.com/yajurveda/2/18,2025-12-05T02:45:15.269280
2,19,घृ॒ताची॑ स्थो॒ धुर्यौ॑ पातꣳ सु॒म्ने स्थः॑ सु॒म्ने मा॑ धत्तम्। य॒ज्ञ नम॑श्च त॒ऽउप॑ च य॒ज्ञस्य॑ शि॒वे सन्ति॑ष्ठस्व॒ स्वि᳖ष्टे॒ मे॒ संति॑ष्ठस्व ॥१९॥,भुरिक् पङ्क्तिः,अग्निवायू देवते,परमेष्ठी प्रजापतिर्ऋषिः,घृ॒ताची॑। स्थः॒। धुर्य्यौ॑। पा॒त॒म्। सु॒म्ने। स्थः॒। सु॒म्ने। मा॒। ध॒त्त॒म्। यज्ञ॑। नमः॑। च॒। ते॒। उप॑। च॒। य॒ज्ञस्य॑। शिवे॑। सम्। ति॒ष्ठ॒स्व॒। स्विष्टे॒ इति॑ सुऽइ॑ष्टे। मे॒। सम्। ति॒ष्ठ॒स्व॒ ॥१९॥,https://www.xn--j2b3a4c.com/yajurveda/2/19,2025-12-05T02:45:17.905610
2,20,अग्ने॑ऽदब्धायोऽशीतम पा॒हि मा॑ दि॒द्योः पा॒हि प्रसि॑त्यै पा॒हि दुरि॑ष्ट्यै पा॒हि दुर॑द्म॒न्याऽअ॑वि॒षं नः॑ पि॒तुं कृ॑णु। सु॒षदा॒ योनौ॒ स्वाहा॒ वाड॒ग्नये॑ संवे॒शप॑तये॒ स्वाहा॒ सर॑स्वत्यै यशोभ॒गिन्यै॒ स्वाहा॑ ॥२०॥,भुरिग् ब्राह्मी त्रिष्टुप्,अग्निसरस्वत्यौ देवते,परमेष्ठी प्रजापतिर्ऋषिः,अग्ने॑। अ॒द॒ब्धा॒यो॒ऽ इत्य॑दब्धऽआ॒यो। अ॒शी॒त॒म॒। अ॒शि॒त॒मेत्य॑शिऽतम। पा॒हि। मा॒। दि॒द्योः। पा॒हि। प्रसि॑त्या॒ इति॒ प्रऽसि॑त्यै। पा॒हि। दुरि॑ष्ट्या॒ इति॒ दुःऽइ॑ष्ट्यै। पा॒हि। दु॒र॒द्म॒न्या इति॑ दुःऽअद्म॒न्यै॑। अ॒वि॒षम्। नः॒। पि॒तुम्। कृ॒णु॒। सु॒षदा॑। सु॒सदेति॑ सु॒ऽसदा॑। योनौ॑। स्वाहा॑। वाट्। अ॒ग्नये॑। सं॒वे॒शप॑तय॒ इति॑ संवे॒शऽप॑तये। स्वाहा॑। सर॑स्वत्यै। य॒शो॒भ॒गिन्या॒ इति॑ यशःऽभ॒गिन्यै॑। स्वाहा॑ ॥२०॥,https://www.xn--j2b3a4c.com/yajurveda/2/20,2025-12-05T02:45:19.300330
2,21,वे॒दो᳖ऽसि॒ येन॒ त्वं दे॑व वेद दे॒वेभ्यो॑ वे॒दोऽभ॑व॒स्तेन॒ मह्यं॑ वे॒दो भूयाः॑। देवा॑ गातुविदो गा॒तुं वि॒त्त्वा गा॒तुमि॑त। मन॑सस्पतऽइ॒मं दे॑व य॒ज्ञꣳ स्वाहा॒ वाते॑ धाः ॥२१॥,भुरिग् ब्राह्मी बृहती,प्रजापतिर्देवता,वामदेव ऋषिः,वे॒दः। अ॒सि॒। येन॑। त्वम्। दे॒व॒। वे॒द॒। दे॒वेभ्यः॑। वे॒दः। अभ॑वः। तेन॑। मह्य॑म्। वे॒दः॒। भू॒याः॒। देवाः॑। गा॒तु॒वि॒द॒ इति॑ गातुऽविदः। गा॒तुम्। वि॒त्त्वा। गा॒तुम्। इ॒त॒। मन॑सः। प॒ते॒। इ॒मम्। दे॒व॒। य॒ज्ञम्। स्वाहा॑। वाते॑। धाः॒ ॥२१॥,https://www.xn--j2b3a4c.com/yajurveda/2/21,2025-12-05T02:45:20.656984
2,22,सं ब॒र्हिर॑ङ्क्ता ह॒विषा॑ घृ॒तेन॒ समा॑दि॒त्यैर्वसु॑भिः॒ सम्म॒रुद्भिः। समिन्द्रो॑ वि॒श्वदे॑वेभिरङ्क्तां दि॒व्यं नभो॑ गच्छतु॒ यत् स्वाहा॑ ॥२२॥,विराट् त्रिष्टुप्,इन्द्रो देवता,वामदेव ऋषिः,सम्। ब॒र्हिः। अ॒ङ्क्ता॒म्। ह॒विषा॑। घृ॒तेन॑। सम्। आ॒दि॒त्यैः। वसु॑भि॒रिति॒ वसु॑ऽभिः। सम्। म॒रुद्भि॒रिति॑ म॒रुत्ऽभिः॑। सम्। इन्द्रः॑। वि॒श्वदे॑वेभि॒रिति॑ वि॒श्वऽदे॑वेभिः। अ॒ङ्क्ता॒म्। दि॒व्यम्। नभः॑। ग॒च्छ॒तु॒। यत्। स्वाहा॑ ॥२२॥,https://www.xn--j2b3a4c.com/yajurveda/2/22,2025-12-05T02:45:21.908677
2,24,सं वर्च॑सा॒ पय॑सा॒ सं त॒नूभि॒रग॑न्महि॒ मन॑सा॒ सꣳ शि॒वेन॑। त्वष्टा॑ सु॒दत्रो॒ विद॑धातु॒ रायोऽनु॑मार्ष्टु त॒न्वो᳕ यद्विलि॑ष्टम् ॥२४॥,विराट् त्रिष्टुप्,त्वष्टा देवता,वामदेव ऋषिः,सम्। वर्च॑सा। पय॑सा। सम्। त॒नूभिः॑। अग॑न्महि। मन॑सा। सम्। शि॒वेन॑। त्वष्टा॑। सु॒दत्र॒ इति॑ सु॒ऽदत्रः॑। वि। द॒धा॒तु॒। रायः॑। अनु॑। मा॒र्ष्टु॒। त॒न्वः᳕। यत्। विलि॑ष्ट॒मिति॒ विऽलि॑ष्टम् ॥२४॥,https://www.xn--j2b3a4c.com/yajurveda/2/24,2025-12-05T02:45:25.527074
